_c0,_c1,Name,Username,User Profile,Tweet ID,Retweets,Comments,Favorites,Is Retweet?,Date,Tweet Text,Tweet Source,Status URL,SCORE,clean_text,correctec_text,processed_text
1,,CNN en Espa√±ol,CNNEE,https://www.twitter.com/CNNEE,ID: 1719064401330966689,84,117,389,,2023-10-30 18:51:06,"""Netanyahu: """"Israel no aceptar√° un cese de hostilidades con Hamas. Este es un momento para la guerra"""".M√°s informaci√≥n: https://t.co/HTgQZLSAEs https://t.co/VafBiRmO4d""",,https://www.twitter.com/CNNEE/status/1719064401330966689,Neutral,netanyahu israel no aceptar√° un cese de hostilidades con hamas este es un momento para la guerram√°s informaci√≥n  ,Netanyahu Israel no aceptar√° un cese de hostilidades con Ham√°s este es un momento para la guerra m√°s informaci√≥n ,Netanyahu  Israel no aceptar√° un cese de hostilidades con Hamas  Este es un momento para la guerra  M√°s informaci√≥n
2,,^Malo del Alma^ EN CONTRAüá®üá±üåàü™¥ üòé,jazzun,https://www.twitter.com/jazzun,ID: 1719064401330966689,0,0,2,,2023-10-30 18:52:11,@CNNEE F√°cil decirlo tras las polleras de EEUU,,https://www.twitter.com/jazzun/status/1719064401330966689,Positivo, f√°cil decirlo tras las polleras de eeuu, F√°cil decirlo tras las polleras de EEUU,F√°cil decirlo tras las polleras de EEUU
3,,Carolina ‚ô°,Carolin72908345,https://www.twitter.com/Carolin72908345,ID: 1719064401330966689,0,0,0,,2023-10-30 18:53:23,@CNNEE ü´£,,https://www.twitter.com/Carolin72908345/status/1719064401330966689,Neutral, , ,
4,,Israel Ramos,IsraPanter,https://www.twitter.com/IsraPanter,ID: 1719064401330966689,2,2,7,,2023-10-30 18:53:31,@CNNEE https://t.co/ph5DRKsGuY,,https://www.twitter.com/IsraPanter/status/1719064401330966689,Negativo, , ,
5,,Alexis Segovia,AlexisS78626235,https://www.twitter.com/AlexisS78626235,ID: 1719064401330966689,0,0,0,,2023-10-30 18:54:55,@CNNEE As√≠ es,,https://www.twitter.com/AlexisS78626235/status/1719064401330966689,Neutral, as√≠ es, As√≠ es,As√≠ es
6,,V√≠ctor Iglesias Gonz√°lez üá™üá∏üáÆüá±,VictorIG80,https://www.twitter.com/VictorIG80,ID: 1719064401330966689,0,0,1,,2023-10-30 18:55:05,"@CNNEE Las Legiones de Demonios junto a los Siervos de Satanas en el mundo han buscado, de manera concertada y predise√±ada, provocar la Guerra de Hamas e Israel. Por dos razones principalmente:1¬∞- Porque no han podido impactar suficiente en la humanidad con Ucrania y Escalar la‚Ä¶ https://t.co/c8KqxiH586",,https://www.twitter.com/VictorIG80/status/1719064401330966689,Neutral, las legiones de demonios junto a los siervos de satanas en el mundo han buscado de manera concertada y predise√±ada provocar la guerra de hamas e israel por dos razones principalmente1 porque no han podido impactar suficiente en la humanidad con ucrania y escalar la , Las legiones de demonios junto a los siervos de satan√°s en el mundo han buscado de manera concertada y predise√±ada provocar la guerra de Ham√°s e Israel por dos razones principalmente 1 porque no han podido impactar suficiente en la humanidad con ucrania y escalar la ,Las Legiones de Demonios junto a los Siervos de Satanas en el mundo han buscado  de manera concertada y predise√±ada  provocar la Guerra de Hamas e Israel  Por dos razones principalmente 1  Porque no han podido impactar suficiente en la humanidad con Ucrania y Escalar la
7,,monica VIP* Anti Ka.,TullioMonica,https://www.twitter.com/TullioMonica,ID: 1719064401330966689,0,0,0,,2023-10-30 18:55:14,@CNNEE Desgraciado,,https://www.twitter.com/TullioMonica/status/1719064401330966689,Negativo, desgraciado, Desgraciado,Desgraciado
8,,Ula Barison. Miliciana.,UlaBarison5,https://www.twitter.com/UlaBarison5,ID: 1719064401330966689,0,0,1,,2023-10-30 18:55:19,@CNNEE Genocida delirante asqueroso asesino de ni√±os. Comer√°s juicio sionista enfermo.,,https://www.twitter.com/UlaBarison5/status/1719064401330966689,Negativo, genocida delirante asqueroso asesino de ni√±os comer√°s juicio sionista enfermo, Genocida delirante asqueroso asesino de ni√±os comer√°s juicio sionista enfermo,Genocida delirante asqueroso asesino de ni√±os  Comer√°s juicio sionista enfermo
9,,La Carnala Mayor,La_Carnala,https://www.twitter.com/La_Carnala,ID: 1719064401330966689,0,0,1,,2023-10-30 18:55:23,@CNNEE #IsraelGenocida,,https://www.twitter.com/La_Carnala/status/1719064401330966689,Negativo, israelgenocida, israelgenocida,hashtag israel genocida
10,,Manuel Mart√¨nez,mmartinez975,https://www.twitter.com/mmartinez975,ID: 1719064401330966689,0,3,6,,2023-10-30 18:55:58,@CNNEE Hamas va a ser barrida,,https://www.twitter.com/mmartinez975/status/1719064401330966689,Positivo, hamas va a ser barrida, Ham√°s va a ser barrida,Hamas va a ser barrida
11,,Jos√© Ram√≠rez üí•,11denoviembre10,https://www.twitter.com/11denoviembre10,ID: 1719064401330966689,0,0,1,,2023-10-30 18:58:01,@CNNEE El demonio Benjamin est√° enardecido desde el coraz√≥n......no m√°s destrucci√≥n y muertes,,https://www.twitter.com/11denoviembre10/status/1719064401330966689,Negativo, el demonio benjamin est√° enardecido desde el coraz√≥nno m√°s destrucci√≥n y muertes, El demonio benjam√≠n est√° enardecido desde el coraz√≥n no m√°s destrucci√≥n y muertes,El demonio Benjamin est√° enardecido desde el coraz√≥n  no m√°s destrucci√≥n y muertes
12,,Ailee,spobletem,https://www.twitter.com/spobletem,ID: 1719064401330966689,0,0,1,,2023-10-30 18:58:44,@CNNEE DEMENTEhttps://t.co/48OptBBrgv,,https://www.twitter.com/spobletem/status/1719064401330966689,Negativo, demente, Demente,DEMENTE
13,,Joel‚ûê,marcusxabier,https://www.twitter.com/marcusxabier,ID: 1719064401330966689,0,0,1,,2023-10-30 19:01:37,@CNNEE Netanyahu genocida üíÄüíÄüíÄ https://t.co/IdRbc80yPT,,https://www.twitter.com/marcusxabier/status/1719064401330966689,Negativo, netanyahu genocida  , Netanyahu genocida ,Netanyahu genocida
14,,üáßüá∑Mauro SantosüèÅüá∫üá¶üáÆüá±,MauroVS,https://www.twitter.com/MauroVS,ID: 1719064401330966689,0,0,1,,2023-10-30 19:02:14,@CNNEE Mui bien,,https://www.twitter.com/MauroVS/status/1719064401330966689,Positivo, mui bien, muy bien,Mui bien
15,,jhon üíô,santoyo832,https://www.twitter.com/santoyo832,ID: 1719064401330966689,0,0,0,,2023-10-30 19:02:24,"@CNNEE Hasta desparecer a hamas, üí™üí™",,https://www.twitter.com/santoyo832/status/1719064401330966689,Negativo, hasta desparecer a hamas , Hasta desaparecer a Ham√°s ,Hasta desparecer a hamas
16,,Gustavo Moreno,Gustavo07280702,https://www.twitter.com/Gustavo07280702,ID: 1719064401330966689,0,0,4,,2023-10-30 19:03:33,@CNNEE CRIMINAL ABERRANTE,,https://www.twitter.com/Gustavo07280702/status/1719064401330966689,Negativo, criminal aberrante, Criminal aberrante,CRIMINAL ABERRANTE
17,,PimentelS,SdidiPim25,https://www.twitter.com/SdidiPim25,ID: 1719064401330966689,0,0,1,,2023-10-30 19:04:03,@CNNEE El es un genocida y cerdo,,https://www.twitter.com/SdidiPim25/status/1719064401330966689,Negativo, el es un genocida y cerdo, √©l es un genocida y cerdo,El es un genocida y cerdo
18,,Haytiempo__,haytiempo__,https://www.twitter.com/haytiempo__,ID: 1719064401330966689,0,0,1,,2023-10-30 19:05:38,@CNNEE NAZI,,https://www.twitter.com/haytiempo__/status/1719064401330966689,Negativo, nazi, Nazi,NAZI
19,,Dexter Kreuze üáªüá™üá©üá™,DexterKreuze,https://www.twitter.com/DexterKreuze,ID: 1719064401330966689,0,0,0,,2023-10-30 19:07:48,"@CNNEE bueno, seremos complices en silencio mientras vemos como se llevara a cabo una masacre sin medida y apoyada por paises belicistas y personas de poca verg√ºenza, israel al mejor estilo nazi y medieval, llevara a cabo esta guerra sin cuartel, y asi se hacen llamar pueblo de luz",,https://www.twitter.com/DexterKreuze/status/1719064401330966689,Negativo, bueno seremos complices en silencio mientras vemos como se llevara a cabo una masacre sin medida y apoyada por paises belicistas y personas de poca verg√ºenza israel al mejor estilo nazi y medieval llevara a cabo esta guerra sin cuartel y asi se hacen llamar pueblo de luz, Bueno seremos c√≥mplices en silencio mientras vemos como se llevara a cabo una masacre sin medida y apoyada por pa√≠ses belicistas y personas de poca verg√ºenza Israel al mejor estilo nazi y medieval llevara a cabo esta guerra sin cuartel y as√≠ se hacen llamar pueblo de luz,bueno  seremos complices en silencio mientras vemos como se llevara a cabo una masacre sin medida y apoyada por paises belicistas y personas de poca verg√ºenza  israel al mejor estilo nazi y medieval  llevara a cabo esta guerra sin cuartel  y asi se hacen llamar pueblo de luz
20,,Jorge,MjfJorge,https://www.twitter.com/MjfJorge,ID: 1719064401330966689,1,1,6,,2023-10-30 19:09:15,"@CNNEE Netanyahu es un asesino salvaje, inmoral e inhumano, igual que sus grupos extremistas y tambi√©n lo es Hamas",,https://www.twitter.com/MjfJorge/status/1719064401330966689,Negativo, netanyahu es un asesino salvaje inmoral e inhumano igual que sus grupos extremistas y tambi√©n lo es hamas, Netanyahu es un asesino salvaje inmoral e inhumano igual que sus grupos extremistas y tambi√©n lo es Ham√°s,Netanyahu es un asesino salvaje  inmoral e inhumano  igual que sus grupos extremistas y tambi√©n lo es Hamas
21,,Gregfotos,Gregfotos1,https://www.twitter.com/Gregfotos1,ID: 1719064401330966689,0,0,0,,2023-10-30 19:11:40,@CNNEE https://t.co/vilqD7bJgo,,https://www.twitter.com/Gregfotos1/status/1719064401330966689,Neutral, , ,
22,,Edison Romero,edisonrfhi13,https://www.twitter.com/edisonrfhi13,ID: 1719064401330966689,0,1,0,,2023-10-30 19:13:10,@CNNEE @Israel @IsraelinSpanish @IsraelinCol ...ISRAEL ESTADO GEN0CIDX Y NAZ!!...Ya todo el mundo üåç lo sabe...esa infamia jam√°s la borrar√°n de la historia...Y los medios informativos tradicionales con Eufemismos avalando el holocausto ü§¢ü§Æü§Æü§Æ,,https://www.twitter.com/edisonrfhi13/status/1719064401330966689,Positivo,    israel estado gen0cidx y naz!!ya todo el mundo  lo sabeesa infamia jam√°s la borrar√°n de la historiay los medios informativos tradicionales con eufemismos avalando el holocausto , Israel estado vencido y m√°s!! Ya todo el mundo lo sabuesa infamia jam√°s la borrar√°n de la historia los medios informativos tradicionales con eufemismos avalando el holocausto ,ISRAEL ESTADO GEN0CIDX Y NAZ!!  Ya todo el mundo  lo sabe  esa infamia jam√°s la borrar√°n de la historia  Y los medios informativos tradicionales con Eufemismos avalando el holocausto
23,,luisvillamarin.com,villamarinluis,https://www.twitter.com/villamarinluis,ID: 1719064401330966689,1,0,1,,2023-10-30 19:21:21,"@CNNEE Netanyahu no ceder√° en nada, porque de esta guerra depende su estad√≠a en el poder, su eventual destituci√≥n y hasta un juicio penal que lo lleve a la c√°rcel. Israel entra en su propio Vietnam para vengar una atrocidad sucedida en gran parte por incompetencia del primer ministro.",,https://www.twitter.com/villamarinluis/status/1719064401330966689,Negativo, netanyahu no ceder√° en nada porque de esta guerra depende su estad√≠a en el poder su eventual destituci√≥n y hasta un juicio penal que lo lleve a la c√°rcel israel entra en su propio vietnam para vengar una atrocidad sucedida en gran parte por incompetencia del primer ministro, Netanyahu no ceder√° en nada porque de esta guerra depende su estad√≠a en el poder su eventual destituci√≥n y hasta un juicio penal que lo lleve a la c√°rcel Israel entra en su propio Vietnam para vengar una atrocidad sucedida en gran parte por incompetencia del primer ministro,Netanyahu no ceder√° en nada  porque de esta guerra depende su estad√≠a en el poder  su eventual destituci√≥n y hasta un juicio penal que lo lleve a la c√°rcel  Israel entra en su propio Vietnam para vengar una atrocidad sucedida en gran parte por incompetencia del primer ministro
24,,M31,M311846911M31,https://www.twitter.com/M311846911M31,ID: 1719064401330966689,0,0,11,,2023-10-30 19:22:22,@CNNEE Estamos contigo Israel!,,https://www.twitter.com/M311846911M31/status/1719064401330966689,Positivo, estamos contigo israel!, ¬°estamos contigo Israel!,Estamos contigo Israel!
25,,thomas neumann,thomasn86349818,https://www.twitter.com/thomasn86349818,ID: 1719064401330966689,0,0,0,,2023-10-30 19:24:33,@CNNEE Su sue√±o h√∫medo,,https://www.twitter.com/thomasn86349818/status/1719064401330966689,Positivo, su sue√±o h√∫medo, Su sue√±o h√∫medo,Su sue√±o h√∫medo
26,,Armando Vaquez,vaquez_armando,https://www.twitter.com/vaquez_armando,ID: 1719064401330966689,0,0,3,,2023-10-30 19:30:23,@CNNEE Bien hay que borrar esas ratas de la fas dela tierra,,https://www.twitter.com/vaquez_armando/status/1719064401330966689,Negativo, bien hay que borrar esas ratas de la fas dela tierra, Bien hay que borrar esas ratas de el fa dela tierra,Bien hay que borrar esas ratas de la fas dela tierra
27,,Moises,Nano31754952,https://www.twitter.com/Nano31754952,ID: 1719064401330966689,0,0,0,,2023-10-30 19:33:01,@CNNEE Genocidio y exterminio,,https://www.twitter.com/Nano31754952/status/1719064401330966689,Negativo, genocidio y exterminio, Genocidio y exterminio,Genocidio y exterminio
28,,Zorg üá∑üá∫,srxort,https://www.twitter.com/srxort,ID: 1719064401330966689,0,1,0,,2023-10-30 19:33:36,@CNNEE Van a destruir todo por su odio,,https://www.twitter.com/srxort/status/1719064401330966689,Negativo, van a destruir todo por su odio, Van a destruir todo por su odio,Van a destruir todo por su odio
29,,osvaldo di cola,odicola,https://www.twitter.com/odicola,ID: 1719064401330966689,0,0,0,,2023-10-30 19:41:08,@CNNEE https://t.co/hTMzdewcHF,,https://www.twitter.com/odicola/status/1719064401330966689,Positivo, , ,
30,,JJ Galvez,YoSoyJJGalvez,https://www.twitter.com/YoSoyJJGalvez,ID: 1719064401330966689,0,0,1,,2023-10-30 19:43:20,"@CNNEE La √∫nica opci√≥n aceptable para Israel es que Ham√°s se rinda incondicionalmente (como Alemania en la 2aGM) o que sea eliminado, porque cualquier otra opci√≥n los deja vulnerables a que estos terroristas vuelvan a asesinar y secuestrar a su gente (usando Palestinos de escudo)",,https://www.twitter.com/YoSoyJJGalvez/status/1719064401330966689,Neutral, la √∫nica opci√≥n aceptable para israel es que ham√°s se rinda incondicionalmente como alemania en la 2agm o que sea eliminado porque cualquier otra opci√≥n los deja vulnerables a que estos terroristas vuelvan a asesinar y secuestrar a su gente usando palestinos de escudo, La √∫nica opci√≥n aceptable para Israel es que Ham√°s se rinda incondicionalmente como Alemania en la 2 agm o que sea eliminado porque cualquier otra opci√≥n los deja vulnerables a que estos terroristas vuelvan a asesinar y secuestrar a su gente usando palestinos de escudo,La √∫nica opci√≥n aceptable para Israel es que Ham√°s se rinda incondicionalmente  como Alemania en la 2aGM  o que sea eliminado  porque cualquier otra opci√≥n los deja vulnerables a que estos terroristas vuelvan a asesinar y secuestrar a su gente  usando Palestinos de escudo
31,,Miquel √∂,Miguel19821817,https://www.twitter.com/Miguel19821817,ID: 1719064401330966689,0,0,0,,2023-10-30 19:43:30,@CNNEE Ojal√° se perdiera una üí£ de esas que matan a ni√±os y le diera al genocida de Netanyahu en toda la boca. Seguro que la cosa se arregla despu√©s,,https://www.twitter.com/Miguel19821817/status/1719064401330966689,Positivo, ojal√° se perdiera una  de esas que matan a ni√±os y le diera al genocida de netanyahu en toda la boca seguro que la cosa se arregla despu√©s, Ojal√° se perdiera una de esas que matan a ni√±os y le diera al genocida de Netanyahu en toda la boca seguro que la cosa se arregla despu√©s,Ojal√° se perdiera una  de esas que matan a ni√±os y le diera al genocida de Netanyahu en toda la boca  Seguro que la cosa se arregla despu√©s
32,,Luis C√©sar,luiscesar01994,https://www.twitter.com/luiscesar01994,ID: 1719064401330966689,0,0,2,,2023-10-30 19:47:44,@CNNEE #YoEstoyConIsrael,,https://www.twitter.com/luiscesar01994/status/1719064401330966689,Positivo, yoestoyconisrael, yoestoyconisrael,hashtag yo estoy con israel
33,,DanielMDZü™ñ,DanielMdZ159395,https://www.twitter.com/DanielMdZ159395,ID: 1719064401330966689,0,0,0,,2023-10-30 19:49:00,@CNNEE #IsraelTerroristState https://t.co/rx9kJeTSpI,,https://www.twitter.com/DanielMdZ159395/status/1719064401330966689,Negativo, israelterroriststate , israelterroriststate ,hashtag israel terrorist state
34,,RevueltoGramajo,RevueltoG,https://www.twitter.com/RevueltoG,ID: 1719064401330966689,0,0,0,,2023-10-30 19:49:51,@CNNEE Excelente. Hasta que no quede un solo terrorista de Hamas vivo.,,https://www.twitter.com/RevueltoG/status/1719064401330966689,Positivo, excelente hasta que no quede un solo terrorista de hamas vivo, Excelente hasta que no quede un solo terrorista de Ham√°s vivo,Excelente  Hasta que no quede un solo terrorista de Hamas vivo
35,,Jorge Quintero üáªüá™üá¶üá∑,Jlqr79,https://www.twitter.com/Jlqr79,ID: 1719064401330966689,0,0,0,,2023-10-30 19:50:07,@CNNEE üí™üí™üí™,,https://www.twitter.com/Jlqr79/status/1719064401330966689,Positivo, , ,
36,,LisZeVi,LissetteZ8,https://www.twitter.com/LissetteZ8,ID: 1719064401330966689,0,0,1,,2023-10-30 19:50:52,@CNNEE No lo dijo as√≠... Ese sionista fan√°tico demente tom√≥ frases de la biblia y en nombre de Dios justifica las masacres.... No veo la hora que haga cuentas con la justicia https://t.co/obAQzJj7l5,,https://www.twitter.com/LissetteZ8/status/1719064401330966689,Negativo, no lo dijo as√≠ ese sionista fan√°tico demente tom√≥ frases de la biblia y en nombre de dios justifica las masacres no veo la hora que haga cuentas con la justicia , No lo dijo as√≠ ese sionista fan√°tico demente tom√≥ frases de la biblia y en nombre de dios justifica las masacres no veo la hora que haga cuentas con la justicia ,No lo dijo as√≠  Ese sionista fan√°tico demente tom√≥ frases de la biblia y en nombre de Dios justifica las masacres  No veo la hora que haga cuentas con la justicia
37,,Cero corrupci√≥n,Cerocorrup87732,https://www.twitter.com/Cerocorrup87732,ID: 1719064401330966689,0,0,0,,2023-10-30 19:55:38,@CNNEE üëçüáÆüá±üáÆüá±üáÆüá±üáÆüá±,,https://www.twitter.com/Cerocorrup87732/status/1719064401330966689,Positivo, , ,
38,,Saul S linares Pineda,Megasalvatore,https://www.twitter.com/Megasalvatore,ID: 1719064401330966689,0,1,0,,2023-10-30 19:59:30,@CNNEE 2 estados uno de israel y uno de palestina.. Eso es todo...,,https://www.twitter.com/Megasalvatore/status/1719064401330966689,Neutral, 2 estados uno de israel y uno de palestina eso es todo, 2 estados uno de Israel y uno de palestina eso es todo,2 estados uno de israel y uno de palestina  Eso es todo
39,,Michel    ŸÖŸäÿ¥ÿßŸÑ,BarzakM,https://www.twitter.com/BarzakM,ID: 1719064401330966689,0,0,0,,2023-10-30 20:01:00,@CNNEE Holocausto Palestino https://t.co/ysm95RpbDZ,,https://www.twitter.com/BarzakM/status/1719064401330966689,Negativo, holocausto palestino , Holocausto palestino ,Holocausto Palestino
40,,Angel Ortega,AngelEOrtega,https://www.twitter.com/AngelEOrtega,ID: 1719064401330966689,0,0,0,,2023-10-30 20:04:59,"@CNNEE Usurpador de Palestina, no es el momento para que siga matando la generacion de ni√±os inocentes de Palestina.",,https://www.twitter.com/AngelEOrtega/status/1719064401330966689,Negativo, usurpador de palestina no es el momento para que siga matando la generacion de ni√±os inocentes de palestina, Usurpador de palestina no es el momento para que siga matando la generaci√≥n de ni√±os inocentes de palestina,Usurpador de Palestina  no es el momento para que siga matando la generacion de ni√±os inocentes de Palestina
41,,üî∫ Pila1144,pila1144,https://www.twitter.com/pila1144,ID: 1719064401330966689,0,0,0,,2023-10-30 20:06:42,"""@CNNEE Dejo a Ham√°s la puerta abierta para un ataque """"sorpresivo"""" y as√≠ tener Netanyahu el objetivo de acelerar el proceso de hacer que Gaza sea inhabitable"," destruirlo y expulsar a los sobrevivientes palestinos a Egipto.Es NAKBA 2.0 https://t.co/cLo0I8f8SZ""",,https://www.twitter.com/pila1144/status/1719064401330966689, dejo a ham√°s la puerta abierta para un ataque sorpresivo y as√≠ tener netanyahu el objetivo de acelerar el proceso de hacer que gaza sea inhabitable, Dejo a Ham√°s la puerta abierta para un ataque sorpresivo y as√≠ tener Netanyahu el objetivo de acelerar el proceso de hacer que gaza sea inhabitable,Dejo a Ham√°s la puerta abierta para un ataque  sorpresivo  y as√≠ tener Netanyahu el objetivo de acelerar el proceso de hacer que Gaza sea inhabitable
42,,Daniel,Jairo06945954,https://www.twitter.com/Jairo06945954,ID: 1719064401330966689,0,0,0,,2023-10-30 20:12:41,@CNNEE Eclesi√°stes 3 8 üáÆüá±‚õàÔ∏èü¶Å,,https://www.twitter.com/Jairo06945954/status/1719064401330966689,Positivo, eclesi√°stes 3 8 , Eclesiast√©s 3 8 ,Eclesi√°stes 3 8
43,,David | üá®üá∑ üá∫üá¶ üáµüá∏,abogado_penalcr,https://www.twitter.com/abogado_penalcr,ID: 1719064401330966689,0,0,0,,2023-10-30 20:14:37,@CNNEE Escoria asquerosa,,https://www.twitter.com/abogado_penalcr/status/1719064401330966689,Negativo, escoria asquerosa, Escoria asquerosa,Escoria asquerosa
44,,ana laura Sordo,SORDOANA,https://www.twitter.com/SORDOANA,ID: 1719064401330966689,0,0,0,,2023-10-30 20:14:39,@CNNEE Este tipo con su af√°n de odio y sed de venganza ya se gan√≥ a pulso el repudio  de su gente de Israel y del mundo entero https://t.co/ai9s5XCpKT,,https://www.twitter.com/SORDOANA/status/1719064401330966689,Negativo, este tipo con su af√°n de odio y sed de venganza ya se gan√≥ a pulso el repudio  de su gente de israel y del mundo entero , Este tipo con su af√°n de odio y sed de venganza ya se gan√≥ a pulso el repudio de su gente de Israel y del mundo entero ,Este tipo con su af√°n de odio y sed de venganza ya se gan√≥ a pulso el repudio  de su gente de Israel y del mundo entero
45,,Dioniso,Rey_Baco,https://www.twitter.com/Rey_Baco,ID: 1719064401330966689,0,0,0,,2023-10-30 20:21:36,"@CNNEE Paz, No !!!Guerra, si muchas gracias",,https://www.twitter.com/Rey_Baco/status/1719064401330966689,Neutral, paz no !!!guerra si muchas gracias, Paz no!!! Guerra si muchas gracias,Paz  No !!Guerra  si muchas gracias
46,,Ar53n10,Ar53n10,https://www.twitter.com/Ar53n10,ID: 1719064401330966689,0,0,0,,2023-10-30 20:22:05,@CNNEE ¬°Qu√© arrase con los terroristas!,,https://www.twitter.com/Ar53n10/status/1719064401330966689,Positivo, qu√© arrase con los terroristas!, ¬°qu√© arrase con los terroristas!,Qu√© arrase con los terroristas!
47,,Robert Leandro üáµüá™,RobertLeandro_,https://www.twitter.com/RobertLeandro_,ID: 1719064401330966689,0,0,0,,2023-10-30 20:28:06,"@CNNEE Adelante, hasta el final!",,https://www.twitter.com/RobertLeandro_/status/1719064401330966689,Positivo, adelante hasta el final!, ¬°adelante hasta el final!,Adelante  hasta el final!
48,,Su Archiduque.,Nekko1969,https://www.twitter.com/Nekko1969,ID: 1719064401330966689,0,0,0,,2023-10-30 20:28:24,"@CNNEE El trance de hoy del pueblo jud√≠o, en unos a√±os m√°s lo deber√° vivir occidente.#YoEstoyConIsrael",,https://www.twitter.com/Nekko1969/status/1719064401330966689,Positivo, el trance de hoy del pueblo jud√≠o en unos a√±os m√°s lo deber√° vivir occidenteyoestoyconisrael, El trance de hoy del pueblo jud√≠o en unos a√±os m√°s lo deber√° vivir occidenteyoestoyconisrael,El trance de hoy del pueblo jud√≠o  en unos a√±os m√°s lo deber√° vivir occidente hashtag yo estoy con israel
49,,Rodrigo Burgos M.,Musitech73,https://www.twitter.com/Musitech73,ID: 1719064401330966689,0,0,0,,2023-10-30 20:28:41,@CNNEE impresentable!!,,https://www.twitter.com/Musitech73/status/1719064401330966689,Negativo, impresentable!!, ¬°impresentable!!,impresentable!!
50,,Daeva de la Ira üëπ,diabloinmusica,https://www.twitter.com/diabloinmusica,ID: 1719064401330966689,0,0,6,,2023-10-30 20:31:31,"@CNNEE No es guerra, es genocidio.",,https://www.twitter.com/diabloinmusica/status/1719064401330966689,Negativo, no es guerra es genocidio, No es guerra es genocidio,No es guerra  es genocidio
51,,Rodrigo Burgos M.,Musitech73,https://www.twitter.com/Musitech73,ID: 1719064401330966689,0,0,1,,2023-10-30 20:31:48,@CNNEE https://t.co/XdZF9DRVZR,,https://www.twitter.com/Musitech73/status/1719064401330966689,Negativo, , ,
52,,Hallister Duran,duranhallister,https://www.twitter.com/duranhallister,ID: 1719064401330966689,0,0,0,,2023-10-30 20:32:38,@CNNEE Es f√°cil decir que acaben con los terroristas si muy bien saben que primero masacran a los inofensivos e inocentes ni√±os y mujeres! Netanyahu es un sionista criminal. Pero aqu√≠ en la tierra √©l pagar√° el da√±o que les ha hecho a los palestinos inocentes.,,https://www.twitter.com/duranhallister/status/1719064401330966689,Negativo, es f√°cil decir que acaben con los terroristas si muy bien saben que primero masacran a los inofensivos e inocentes ni√±os y mujeres! netanyahu es un sionista criminal pero aqu√≠ en la tierra √©l pagar√° el da√±o que les ha hecho a los palestinos inocentes," Es f√°cil decir que acaben con los terroristas si muy bien saben que primero masacran a los inofensivos e inocentes ni√±os y mujeres! Netanyahu es un sionista criminal, pero aqu√≠ en la tierra √©l pagar√° el da√±o que les ha hecho a los palestinos inocentes",Es f√°cil decir que acaben con los terroristas si muy bien saben que primero masacran a los inofensivos e inocentes ni√±os y mujeres! Netanyahu es un sionista criminal  Pero aqu√≠ en la tierra √©l pagar√° el da√±o que les ha hecho a los palestinos inocentes
53,,LIBERTAD!,EclectikaD,https://www.twitter.com/EclectikaD,ID: 1719064401330966689,0,0,0,,2023-10-30 20:33:16,@CNNEE ISRAEL tiene + de 3.800 a√±os de existencia y Prevalecer√°!,,https://www.twitter.com/EclectikaD/status/1719064401330966689,Positivo, israel tiene + de 3800 a√±os de existencia y prevalecer√°!, ¬°israel tiene + de 3800 a√±os de existencia y prevalecer√°!,ISRAEL tiene + de 3 800 a√±os de existencia y Prevalecer√°!
54,,Patricia Frizzi,FrizziPatricia,https://www.twitter.com/FrizziPatricia,ID: 1719064401330966689,0,0,0,,2023-10-30 20:37:15,@CNNEE CNN la cadena mas mentirosa del mundo. Verg√ºenza deber√≠an tener.  No son periodistas son lectores de noticias q les dictan,,https://www.twitter.com/FrizziPatricia/status/1719064401330966689,Neutral, cnn la cadena mas mentirosa del mundo verg√ºenza deber√≠an tener  no son periodistas son lectores de noticias q les dictan, CNN la cadena m√°s mentirosa del mundo verg√ºenza deber√≠an tener no son periodistas son lectores de noticias q les dictan,CNN la cadena mas mentirosa del mundo  Verg√ºenza deber√≠an tener  No son periodistas son lectores de noticias q les dictan
55,,üá¶üá∑ùî∏ùï´ùï¶ ùïÑùïíùï£ùï•ùïöùïüùïñùï´ ‚úçÔ∏è Clar√≠n Miente,AzuM_77,https://www.twitter.com/AzuM_77,ID: 1719064401330966689,0,0,1,,2023-10-30 20:38:05,@CNNEE Los ni√±os no son terroristas Asesinos,,https://www.twitter.com/AzuM_77/status/1719064401330966689,Negativo, los ni√±os no son terroristas asesinos, Los ni√±os no son terroristas asesinos,Los ni√±os no son terroristas Asesinos
56,,Mar Bello,kamluz_es,https://www.twitter.com/kamluz_es,ID: 1719064401330966689,0,0,0,,2023-10-30 20:41:29,@CNNEE Depende cual sea la causa en tiempos donde esta en medio una posible acci√≥ del nivel at√≥mica nuclear...Tendr√° sentido seg√∫n el prop√≥sito de bienestar para q la vida fluya en paz y armon√≠a @netanyahu ? El deber es quitarse el pan de la boca para darlo a otrosNo a la extinci√≥n.,,https://www.twitter.com/kamluz_es/status/1719064401330966689,Neutral, depende cual sea la causa en tiempos donde esta en medio una posible acci√≥ del nivel at√≥mica nucleartendr√° sentido seg√∫n el prop√≥sito de bienestar para q la vida fluya en paz y armon√≠a   el deber es quitarse el pan de la boca para darlo a otrosno a la extinci√≥n, Depende cu√°l sea la causa en tiempos donde est√° en medio una posible acci√≥n del nivel at√≥mica nuclear tendr√° sentido seg√∫n el prop√≥sito de bienestar para q la vida fluya en paz y armon√≠a el deber es quitarse el pan de la boca para darlo a otros no a la extinci√≥n,Depende cual sea la causa en tiempos donde esta en medio una posible acci√≥ del nivel at√≥mica nuclear  Tendr√° sentido seg√∫n el prop√≥sito de bienestar para q la vida fluya en paz y armon√≠a  El deber es quitarse el pan de la boca para darlo a otrosNo a la extinci√≥n
57,,üëëBenHaShemüëëVittini,VittiniEddy,https://www.twitter.com/VittiniEddy,ID: 1719064401330966689,0,0,0,,2023-10-30 20:41:35,@CNNEE Jabladores!!,,https://www.twitter.com/VittiniEddy/status/1719064401330966689,Neutral, jabladores!!, ¬°jabladores!!,Jabladores!!
58,,Sergio Rodriguez,rejio1710,https://www.twitter.com/rejio1710,ID: 1719064401330966689,0,0,0,,2023-10-30 20:41:41,@CNNEE Y Disparos Unidos de America‚Ä¶¬°FELIZ!,,https://www.twitter.com/rejio1710/status/1719064401330966689,Negativo, y disparos unidos de americafeliz!, ¬°y disparos unidos de americafeliz!,Y Disparos Unidos de America  FELIZ!
59,,EL BAR√ìN RAMPANTE,DePatibulo29834,https://www.twitter.com/DePatibulo29834,ID: 1719064401330966689,0,0,0,,2023-10-30 20:43:00,@CNNEE https://t.co/fuFUfKUvuN,,https://www.twitter.com/DePatibulo29834/status/1719064401330966689,Negativo, , ,
60,,MujerInfinita,mujerinfinita,https://www.twitter.com/mujerinfinita,ID: 1719064401330966689,0,0,0,,2023-10-30 20:51:28,@CNNEE https://t.co/KrLPBx7GX4,,https://www.twitter.com/mujerinfinita/status/1719064401330966689,Neutral, , ,
61,,Dimas Larena,DimasLarena,https://www.twitter.com/DimasLarena,ID: 1719064401330966689,0,0,0,,2023-10-30 20:51:42,"@CNNEE No hay pruebas de que los 360 secuestrados esten todos vivos. Israel ha encontrado cadaveres de algunos secuestrados que muestra que han sido asesinados, abusados sexualmente y torturados. Pero CNN terrorista no quiere informar eso",,https://www.twitter.com/DimasLarena/status/1719064401330966689,Positivo, no hay pruebas de que los 360 secuestrados esten todos vivos israel ha encontrado cadaveres de algunos secuestrados que muestra que han sido asesinados abusados sexualmente y torturados pero cnn terrorista no quiere informar eso," No hay pruebas de que los 360 secuestrados est√©n todos vivos Israel ha encontrado cad√°veres de algunos secuestrados que muestra que han sido asesinados abusados sexualmente y torturados, pero CNN terrorista no quiere informar eso",No hay pruebas de que los 360 secuestrados esten todos vivos  Israel ha encontrado cadaveres de algunos secuestrados que muestra que han sido asesinados  abusados sexualmente y torturados  Pero CNN terrorista no quiere informar eso
62,,Eduardo Karstegl,Lalo_rock,https://www.twitter.com/Lalo_rock,ID: 1719064401330966689,0,0,0,,2023-10-30 20:53:19,@CNNEE üëéü§¶‚Äç‚ôÇÔ∏è,,https://www.twitter.com/Lalo_rock/status/1719064401330966689,Negativo, , ,
63,,Reynaldo Santiago,Reynald92234713,https://www.twitter.com/Reynald92234713,ID: 1719064401330966689,0,0,1,,2023-10-30 20:56:08,"@CNNEE Qui√©n carajo pondr√° en cintura a √©ste hom√≠nido genocida , el mundo civilizado no puede seguir mirando hacia el lado ante √©sta barbarie de Israel sobre Gaza",,https://www.twitter.com/Reynald92234713/status/1719064401330966689,Negativo, qui√©n carajo pondr√° en cintura a √©ste hom√≠nido genocida  el mundo civilizado no puede seguir mirando hacia el lado ante √©sta barbarie de israel sobre gaza, Qui√©n carajo pondr√° en cintura a este hom√≠nido genocida el mundo civilizado no puede seguir mirando hacia el lado ante esta barbarie de Israel sobre gaza,Qui√©n carajo pondr√° en cintura a √©ste hom√≠nido genocida  el mundo civilizado no puede seguir mirando hacia el lado ante √©sta barbarie de Israel sobre Gaza
64,,Antony2005,Antony2005,https://www.twitter.com/Antony2005,ID: 1719064401330966689,0,0,0,,2023-10-30 21:02:59,@CNNEE Felicidades! Con terroristas no se negocia y mucho menos con pa√≠ses qu√© apoyan el terrorismo.,,https://www.twitter.com/Antony2005/status/1719064401330966689,Positivo, felicidades! con terroristas no se negocia y mucho menos con pa√≠ses qu√© apoyan el terrorismo, Felicidades! Con terroristas no se negocia y mucho menos con pa√≠ses qu√© apoyan el terrorismo,Felicidades! Con terroristas no se negocia y mucho menos con pa√≠ses qu√© apoyan el terrorismo
65,,Francisco Herrera,herrera_snchez3,https://www.twitter.com/herrera_snchez3,ID: 1719064401330966689,0,0,2,,2023-10-30 21:09:33,@CNNEE Uno de los antiCristos,,https://www.twitter.com/herrera_snchez3/status/1719064401330966689,Negativo, uno de los anticristos, Uno de los anticristos,Uno de los antiCristos
66,,Sim√≥n Pablo F.,SimonPaul143487,https://www.twitter.com/SimonPaul143487,ID: 1719064401330966689,0,0,0,,2023-10-30 21:12:11,@CNNEE Ya sab√≠amos que quieren desaparecer Gaza del mapa mundi.,,https://www.twitter.com/SimonPaul143487/status/1719064401330966689,Negativo, ya sab√≠amos que quieren desaparecer gaza del mapa mundi, Ya sab√≠amos que quieren desaparecer gaza del mapa mundo,Ya sab√≠amos que quieren desaparecer Gaza del mapa mundi
67,,NMaquiavelo,NMachiavelo,https://www.twitter.com/NMachiavelo,ID: 1719064401330966689,0,0,0,,2023-10-30 21:14:15,@CNNEE Israel est√° extermimando al.pueblo.palestino.,,https://www.twitter.com/NMachiavelo/status/1719064401330966689,Negativo, israel est√° extermimando alpueblopalestino, Israel est√° exterminando alpueblopalestino,Israel est√° extermimando al pueblo palestino
68,,CanelaLibre,Canelitalibre,https://www.twitter.com/Canelitalibre,ID: 1719064401330966689,0,0,0,,2023-10-30 21:17:50,@CNNEE https://t.co/PfYpESQaiG,,https://www.twitter.com/Canelitalibre/status/1719064401330966689,Neutral, , ,
69,,CanelaLibre,Canelitalibre,https://www.twitter.com/Canelitalibre,ID: 1719064401330966689,0,0,0,,2023-10-30 21:17:59,@CNNEE https://t.co/oTdlo1bZrR,,https://www.twitter.com/Canelitalibre/status/1719064401330966689,Positivo, , ,
70,,edgar mendoza,edwmend,https://www.twitter.com/edwmend,ID: 1719064401330966689,0,0,0,,2023-10-30 21:20:44,@CNNEE Si fuera un pa√≠s no alineado con EEUU ya tuviera la OTAN el consejo de seguridad d√© la ONU y para usted d√© contar pero c√≥mo es un gobierno genocida y asesino en complicidad con ustedes todo est√° bien.....,,https://www.twitter.com/edwmend/status/1719064401330966689,Negativo, si fuera un pa√≠s no alineado con eeuu ya tuviera la otan el consejo de seguridad d√© la onu y para usted d√© contar pero c√≥mo es un gobierno genocida y asesino en complicidad con ustedes todo est√° bien," Si fuera un pa√≠s no alineado con EEUU ya tuviera la OTAN el consejo de seguridad d√© la ONU y para usted d√© contar, pero c√≥mo es un gobierno genocida y asesino en complicidad con ustedes todo est√° bien",Si fuera un pa√≠s no alineado con EEUU ya tuviera la OTAN el consejo de seguridad d√© la ONU y para usted d√© contar pero c√≥mo es un gobierno genocida y asesino en complicidad con ustedes todo est√° bien
71,,miriam osman,miriamosman1,https://www.twitter.com/miriamosman1,ID: 1719064401330966689,0,0,0,,2023-10-30 21:22:16,@CNNEE As√≠ se muestra ante el mundo este desquiciado,,https://www.twitter.com/miriamosman1/status/1719064401330966689,Negativo, as√≠ se muestra ante el mundo este desquiciado, As√≠ se muestra ante el mundo este desquiciado,As√≠ se muestra ante el mundo este desquiciado
72,,edgar mendoza,edwmend,https://www.twitter.com/edwmend,ID: 1719064401330966689,0,0,0,,2023-10-30 21:23:07,@CNNEE Cuando se llega al desprestigio d√© la forma como van ustedes.... despu√©s lo que viene es un efecto en ca√≠da libre hasta el fondo sin retorno.....ojo con √©so!!!!,,https://www.twitter.com/edwmend/status/1719064401330966689,Negativo, cuando se llega al desprestigio d√© la forma como van ustedes despu√©s lo que viene es un efecto en ca√≠da libre hasta el fondo sin retornoojo con √©so!!!!, ¬°cuando se llega al desprestigio d√© la forma como van ustedes despu√©s lo que viene es un efecto en ca√≠da libre hasta el fondo sin retorno ojo con eso!!!!,Cuando se llega al desprestigio d√© la forma como van ustedes  despu√©s lo que viene es un efecto en ca√≠da libre hasta el fondo sin retorno  ojo con √©so!!
73,,Miguel Flores,FloresFore,https://www.twitter.com/FloresFore,ID: 1719064401330966689,0,0,0,,2023-10-30 21:27:23,"@CNNEE No es una guerra, es una masacre, un genocidio.",,https://www.twitter.com/FloresFore/status/1719064401330966689,Negativo, no es una guerra es una masacre un genocidio, No es una guerra es una masacre un genocidio,No es una guerra  es una masacre  un genocidio
74,,najo,jmnavedar,https://www.twitter.com/jmnavedar,ID: 1719064401330966689,0,0,1,,2023-10-30 21:30:57,@CNNEE Nadie gana en una guerra pero aquellos quienes las provocan deber√≠an pensar en las consecuencias,,https://www.twitter.com/jmnavedar/status/1719064401330966689,Neutral, nadie gana en una guerra pero aquellos quienes las provocan deber√≠an pensar en las consecuencias," Nadie gana en una guerra, pero aquellos quienes las provocan deber√≠an pensar en las consecuencias",Nadie gana en una guerra pero aquellos quienes las provocan deber√≠an pensar en las consecuencias
75,,Henrik Neri,enrikneri,https://www.twitter.com/enrikneri,ID: 1719064401330966689,0,0,0,,2023-10-30 21:32:02,@CNNEE El nuevo Hitler,,https://www.twitter.com/enrikneri/status/1719064401330966689,Negativo, el nuevo hitler, El nuevo Hitler,El nuevo Hitler
76,,Dark Shiryu,Darkshiryu_,https://www.twitter.com/Darkshiryu_,ID: 1719064401330966689,0,0,1,,2023-10-30 21:38:17,@CNNEE Ese man solo quiere matar civiles,,https://www.twitter.com/Darkshiryu_/status/1719064401330966689,Negativo, ese man solo quiere matar civiles, Ese Man solo quiere matar civiles,Ese man solo quiere matar civiles
77,,JavierQuinteroPrincipe,yelmarneo,https://www.twitter.com/yelmarneo,ID: 1719064401330966689,0,0,0,,2023-10-30 21:41:33,@CNNEE El sionismo y el Nazismo son los mismo. El holocausto ahora es palestino y est√° en todas las redes sociales. Participamos del genocidio en vivo y en directo. https://t.co/p9Vu4FzDzZ,,https://www.twitter.com/yelmarneo/status/1719064401330966689,Negativo, el sionismo y el nazismo son los mismo el holocausto ahora es palestino y est√° en todas las redes sociales participamos del genocidio en vivo y en directo , El sionismo y el nazismo son los mismos el holocausto ahora es palestino y est√° en todas las redes sociales participamos del genocidio en vivo y en directo ,El sionismo y el Nazismo son los mismo  El holocausto ahora es palestino y est√° en todas las redes sociales  Participamos del genocidio en vivo y en directo
78,,Luis Carballo,LuisCar55629076,https://www.twitter.com/LuisCar55629076,ID: 1719064401330966689,0,0,0,,2023-10-30 21:52:48,@CNNEE Llevan decadas con la misma impunidad!,,https://www.twitter.com/LuisCar55629076/status/1719064401330966689,Negativo, llevan decadas con la misma impunidad!, ¬°llevan d√©cadas con la misma impunidad!,Llevan decadas con la misma impunidad!
79,,RAFA,Raphael091221,https://www.twitter.com/Raphael091221,ID: 1719064401330966689,0,0,0,,2023-10-30 21:57:47,@CNNEE Netanyahu asesino,,https://www.twitter.com/Raphael091221/status/1719064401330966689,Negativo, netanyahu asesino, Netanyahu asesino,Netanyahu asesino
80,,ANDREA_MR,andrea_mr04,https://www.twitter.com/andrea_mr04,ID: 1719064401330966689,0,0,0,,2023-10-30 21:58:46,@CNNEE Para seguir matando mas inocentes ...y todos nosotros como si nada üòûüòûüòûüòûüòû,,https://www.twitter.com/andrea_mr04/status/1719064401330966689,Negativo, para seguir matando mas inocentes y todos nosotros como si nada , Para seguir matando m√°s inocentes y todos nosotros como si nada ,Para seguir matando mas inocentes  y todos nosotros como si nada
81,,Partido Digital Per√∫ ¬ÆÔ∏è,PDigitalPeru,https://www.twitter.com/PDigitalPeru,ID: 1719064401330966689,0,0,0,,2023-10-30 22:00:06,"@CNNEE Israel definitivamente no es el pueblo elegido por Dios , los sionistas no son los elegidos",,https://www.twitter.com/PDigitalPeru/status/1719064401330966689,Negativo, israel definitivamente no es el pueblo elegido por dios  los sionistas no son los elegidos, Israel definitivamente no es el pueblo elegido por dios los sionistas no son los elegidos,Israel definitivamente no es el pueblo elegido por Dios  los sionistas no son los elegidos
82,,@freelife,freelif36854702,https://www.twitter.com/freelif36854702,ID: 1719064401330966689,0,0,0,,2023-10-30 22:00:08,@CNNEE Bien dicho! con terroristas no se negocia,,https://www.twitter.com/freelif36854702/status/1719064401330966689,Positivo, bien dicho! con terroristas no se negocia, Bien dicho! Con terroristas no se negocia,Bien dicho! con terroristas no se negocia
83,,OLlMimi,OLlMimi,https://www.twitter.com/OLlMimi,ID: 1719064401330966689,0,0,1,,2023-10-30 22:00:09,@CNNEE Hijo de p...#NetanyahuIsMonster https://t.co/0tM1M4uMfe,,https://www.twitter.com/OLlMimi/status/1719064401330966689,Negativo, hijo de pnetanyahuismonster , Hijo de pnetanyahuismonster ,Hijo de p  hashtag netanyahu is monster
84,,Lou Siqueira,lousiqueira1,https://www.twitter.com/lousiqueira1,ID: 1719064401330966689,0,0,0,,2023-10-30 22:04:31,@CNNEE https://t.co/stYOvDYb86,,https://www.twitter.com/lousiqueira1/status/1719064401330966689,Negativo, , ,
85,,!BelezaPura! üö©,Beleza1965Pura,https://www.twitter.com/Beleza1965Pura,ID: 1719064401330966689,0,0,0,,2023-10-30 22:13:27,@CNNEE https://t.co/eziKbkrkdY,,https://www.twitter.com/Beleza1965Pura/status/1719064401330966689,Negativo, , ,
86,,Mariel üí™‚ù§Ô∏èüåûüåû,MarielDeIs,https://www.twitter.com/MarielDeIs,ID: 1719064401330966689,0,0,0,,2023-10-30 22:28:05,"@CNNEE Mientras su hijo est√° en Miami inocentes mueren en los dos bandos! Un sinverguenza y genocida,  asesino de ni√±os!",,https://www.twitter.com/MarielDeIs/status/1719064401330966689,Negativo, mientras su hijo est√° en miami inocentes mueren en los dos bandos! un sinverguenza y genocida  asesino de ni√±os!, ¬°mientras su hijo est√° en Miami inocentes mueren en los dos bandos! Un sinverg√ºenza y genocida asesino de ni√±os!,Mientras su hijo est√° en Miami inocentes mueren en los dos bandos! Un sinverguenza y genocida  asesino de ni√±os!
87,,MUNDOBIZARRO,BIZARRO2363332,https://www.twitter.com/BIZARRO2363332,ID: 1719064401330966689,0,0,0,,2023-10-30 22:30:47,@CNNEE Hasta cuando el mundo permitir√° este genocidio,,https://www.twitter.com/BIZARRO2363332/status/1719064401330966689,Negativo, hasta cuando el mundo permitir√° este genocidio, Hasta cuando el mundo permitir√° este genocidio,Hasta cuando el mundo permitir√° este genocidio
88,,Simon,pancho_059,https://www.twitter.com/pancho_059,ID: 1719064401330966689,0,0,0,,2023-10-30 22:37:35,@CNNEE ASESINOS GENOCIDAS,,https://www.twitter.com/pancho_059/status/1719064401330966689,Negativo, asesinos genocidas, Asesinos genocidas,ASESINOS GENOCIDAS
89,,Flor de Loto,Indiceanalitico,https://www.twitter.com/Indiceanalitico,ID: 1719064401330966689,0,0,0,,2023-10-30 22:44:56,"@CNNEE Sionista hijo de la puta que lo pario, malditos",,https://www.twitter.com/Indiceanalitico/status/1719064401330966689,Negativo, sionista hijo de la puta que lo pario malditos, Sionista hijo de la puta que lo pari√≥ malditos,Sionista hijo de la puta que lo pario  malditos
90,,Castor,CAST0RANDIN0,https://www.twitter.com/CAST0RANDIN0,ID: 1719064401330966689,0,0,0,,2023-10-30 22:57:23,"@CNNEE Ahora el holocausto es Palestino, y el verdugo nazi israel.",,https://www.twitter.com/CAST0RANDIN0/status/1719064401330966689,Negativo, ahora el holocausto es palestino y el verdugo nazi israel, Ahora el holocausto es palestino y el verdugo nazi Israel,Ahora el holocausto es Palestino  y el verdugo nazi israel
91,,claudina gamez,claudinagamez,https://www.twitter.com/claudinagamez,ID: 1719064401330966689,0,0,0,,2023-10-30 23:00:49,@CNNEE GRANDE ISRAEL !,,https://www.twitter.com/claudinagamez/status/1719064401330966689,Positivo, grande israel !, ¬°grande israel!,GRANDE ISRAEL !
92,,miguel beato,miguel_beato,https://www.twitter.com/miguel_beato,ID: 1719064401330966689,0,0,0,,2023-10-30 23:02:31,@CNNEE Asesino y sionista terrorista,,https://www.twitter.com/miguel_beato/status/1719064401330966689,Negativo, asesino y sionista terrorista, Asesino y sionista terrorista,Asesino y sionista terrorista
93,,Gato Feliz,Dichos_y_Hechos,https://www.twitter.com/Dichos_y_Hechos,ID: 1719064401330966689,0,0,0,,2023-10-30 23:05:29,@CNNEE https://t.co/42meEKcx6w,,https://www.twitter.com/Dichos_y_Hechos/status/1719064401330966689,Negativo, , ,
94,,Elvi Francisco P√©rez,ElviFranciscoP1,https://www.twitter.com/ElviFranciscoP1,ID: 1719064401330966689,0,0,0,,2023-10-30 23:09:05,@CNNEE Para que lo sepan los hip√≥critas de CNN: no hay ni habr√° alto al fuego,,https://www.twitter.com/ElviFranciscoP1/status/1719064401330966689,Negativo, para que lo sepan los hip√≥critas de cnn no hay ni habr√° alto al fuego, Para que lo sepan los hip√≥critas de CNN no hay ni habr√° alto al fuego,Para que lo sepan los hip√≥critas de CNN  no hay ni habr√° alto al fuego
95,,Hugo de Cruz,Decruz2162,https://www.twitter.com/Decruz2162,ID: 1719064401330966689,0,0,0,,2023-10-30 23:32:27,"@CNNEE Esto no es una guerra es una masacre, est√°n asesinando a ni√±os, familias enteras que no tienen culpa y que no pueden defenderse. Esto se llama GENOCIDIO.",,https://www.twitter.com/Decruz2162/status/1719064401330966689,Negativo, esto no es una guerra es una masacre est√°n asesinando a ni√±os familias enteras que no tienen culpa y que no pueden defenderse esto se llama genocidio, Esto no es una guerra es una masacre est√°n asesinando a ni√±os familias enteras que no tienen culpa y que no pueden defenderse esto se llama genocidio,Esto no es una guerra es una masacre  est√°n asesinando a ni√±os  familias enteras que no tienen culpa y que no pueden defenderse  Esto se llama GENOCIDIO
96,,Gladys Hurtado,gladyshurtadoh6,https://www.twitter.com/gladyshurtadoh6,ID: 1719064401330966689,0,0,0,,2023-10-30 23:41:30,"@CNNEE Cuando los crim√≠nales narcoterroristas asesinos secuestradores violadores asesinos se sienten derrotados, acuden a la estrategia del ‚Äúdi√°logo‚Äù. Ojal√°   NO intervenga Francisco porque Venezuela tiene sus actuales condiciones por culpa de FRANCISCO",,https://www.twitter.com/gladyshurtadoh6/status/1719064401330966689,Neutral, cuando los crim√≠nales narcoterroristas asesinos secuestradores violadores asesinos se sienten derrotados acuden a la estrategia del di√°logo ojal√°   no intervenga francisco porque venezuela tiene sus actuales condiciones por culpa de francisco, Cuando los criminales narcoterroristas asesinos secuestradores violadores asesinos se sienten derrotados acuden a la estrategia del di√°logo ojal√° no intervenga francisco porque Venezuela tiene sus actuales condiciones por culpa de francisco,Cuando los crim√≠nales narcoterroristas asesinos secuestradores violadores asesinos se sienten derrotados  acuden a la estrategia del  di√°logo  Ojal√°  NO intervenga Francisco porque Venezuela tiene sus actuales condiciones por culpa de FRANCISCO
97,,Probashi Lifestyle,tan93444,https://www.twitter.com/tan93444,ID: 1719064401330966689,0,0,0,,2023-10-30 23:46:54,@CNNEE #NoOilForIsrael,,https://www.twitter.com/tan93444/status/1719064401330966689,Negativo, nooilforisrael, nooilforisrael,hashtag no oil for israel
98,,N√ìRDICO,NRDICO3,https://www.twitter.com/NRDICO3,ID: 1719064401330966689,0,0,0,,2023-10-31 00:19:18,@CNNEE AVER QUE DICES CERDO CRIMINAL  CUANDO DIOS TE CASTIGUE,,https://www.twitter.com/NRDICO3/status/1719064401330966689,Negativo, aver que dices cerdo criminal  cuando dios te castigue, a ver que dices cerdo criminal cuando dios te castigue,AVER QUE DICES CERDO CRIMINAL  CUANDO DIOS TE CASTIGUE
99,,Lola,LolaPinedo2021,https://www.twitter.com/LolaPinedo2021,ID: 1719064401330966689,0,0,0,,2023-10-31 00:22:01,@CNNEE CLARO QUIERE DAR DE COMER ALOS TRAFICANTES DE ARMAS MAS VALE LOS BOLSILLO LLENOS DE BALA ENCEZ DE DAR DE COMER ASUS PROJIMOS QUE MASQUIEREN LOS TRAFICANTES DE ARMAS NO LES IMPORTA LAS VIDAS DELOS NI√ëOS.ADOLESCENTES.ADULTOS .ANCIANOS QUE SUFREN X ESTA MALDITOS INHUMANOS DE OGROS T,,https://www.twitter.com/LolaPinedo2021/status/1719064401330966689,Negativo, claro quiere dar de comer alos traficantes de armas mas vale los bolsillo llenos de bala encez de dar de comer asus projimos que masquieren los traficantes de armas no les importa las vidas delos ni√±osadolescentesadultos ancianos que sufren x esta malditos inhumanos de ogros t, Claro quiere dar de come ralos traficantes de armas m√°s vale el bolsillo llenos de bala env√©s de dar de comer Asus pr√≥jimos que malquieren los traficantes de armas no les importa las vidas delos ni√±osadolescentesadultos ancianos que sufren x este maldito inhumanos de ogros t,CLARO QUIERE DAR DE COMER ALOS TRAFICANTES DE ARMAS MAS VALE LOS BOLSILLO LLENOS DE BALA ENCEZ DE DAR DE COMER ASUS PROJIMOS QUE MASQUIEREN LOS TRAFICANTES DE ARMAS NO LES IMPORTA LAS VIDAS DELOS NI√ëOS ADOLESCENTES ADULTOS  ANCIANOS QUE SUFREN X ESTA MALDITOS INHUMANOS DE OGROS T
100,,Lola,LolaPinedo2021,https://www.twitter.com/LolaPinedo2021,ID: 1719064401330966689,0,0,0,,2023-10-31 00:24:07,@CNNEE EN VEZ DE BUSCARLOS ALOS TERRORISTAS NO INVADIR UN PAIS ENTERO TODO CON EL CUENTO DE MATAR ALOS TERRORISTAS QUE CULPAS TIENEN LOS NI√ëOS INOCENTES DE ESTA MALDITA GUERRA SRES QUE CULPAS TIENEN LAS PERSONAS INOCENTES DE PALESTINAS QUIEREN A HAMAS PUES BUSQUENLOS A ESOS TERRORISTASA,,https://www.twitter.com/LolaPinedo2021/status/1719064401330966689,Negativo, en vez de buscarlos alos terroristas no invadir un pais entero todo con el cuento de matar alos terroristas que culpas tienen los ni√±os inocentes de esta maldita guerra sres que culpas tienen las personas inocentes de palestinas quieren a hamas pues busquenlos a esos terroristasa, En vez de buscarlos Alos terroristas no invadir un pa√≠s entero todo con el cuento de mata ralos terroristas que culpas tienen los ni√±os inocentes de esta maldita guerras res que culpas tienen las personas inocentes de palestinas quieren a Ham√°s pues b√∫squenlos a esos terroristas,EN VEZ DE BUSCARLOS ALOS TERRORISTAS NO INVADIR UN PAIS ENTERO TODO CON EL CUENTO DE MATAR ALOS TERRORISTAS QUE CULPAS TIENEN LOS NI√ëOS INOCENTES DE ESTA MALDITA GUERRA SRES QUE CULPAS TIENEN LAS PERSONAS INOCENTES DE PALESTINAS QUIEREN A HAMAS PUES BUSQUENLOS A ESOS TERRORISTASA
101,,Lola,LolaPinedo2021,https://www.twitter.com/LolaPinedo2021,ID: 1719064401330966689,0,0,0,,2023-10-31 00:25:52,@CNNEE PERO NO ES POSIBLE DESAOARECER UNA NACION Y DONDE ESTAN LOS DERECHOS HUMANOS PUES AHI NO HAY DERECHOS X QUE SRES ACASO NO TIENEN DERECHO AVIVIR Y QUIENES SON LOS ISRRAELES PARA MATAR A TANTOS NI√ëOS PALESTINOS TAN SOLO X QUE NO SE LLEVAN BIEN HAY QUE MATARLOS Y DESAPARECERLOS ESMM,,https://www.twitter.com/LolaPinedo2021/status/1719064401330966689,Negativo, pero no es posible desaoarecer una nacion y donde estan los derechos humanos pues ahi no hay derechos x que sres acaso no tienen derecho avivir y quienes son los isrraeles para matar a tantos ni√±os palestinos tan solo x que no se llevan bien hay que matarlos y desaparecerlos esmm, Pero no es posible desaparecer una naci√≥n y donde est√°n los derechos humanos pues ah√≠ no hay derechos x que Sres acaso no tienen derecho vivir y quienes son los israel√≠es para matar a tantos ni√±os palestinos tan solo x que no se llevan bien hay que matarlos y desaparecerlos es mm,PERO NO ES POSIBLE DESAOARECER UNA NACION Y DONDE ESTAN LOS DERECHOS HUMANOS PUES AHI NO HAY DERECHOS X QUE SRES ACASO NO TIENEN DERECHO AVIVIR Y QUIENES SON LOS ISRRAELES PARA MATAR A TANTOS NI√ëOS PALESTINOS TAN SOLO X QUE NO SE LLEVAN BIEN HAY QUE MATARLOS Y DESAPARECERLOS ESMM
